{
    "metrics": {
        "http_req_connecting": {
            "p(90)": 0.2245406,
            "p(95)": 0.2341103,
            "avg": 0.19087300000000001,
            "min": 0.150217,
            "med": 0.1860415,
            "max": 0.24368
        },
        "iteration_duration": {
            "p(95)": 1003.0819947,
            "avg": 1002.2013594000002,
            "min": 1001.578804,
            "med": 1002.070829,
            "max": 1003.344477,
            "p(90)": 1002.8195124
        },
        "http_req_duration{expected_response:true}": {
            "max": 1.29466,
            "p(90)": 1.2931309,
            "p(95)": 1.29389545,
            "avg": 1.1367473000000001,
            "min": 0.969371,
            "med": 1.1215959999999998
        },
        "http_reqs": {
            "count": 10,
            "rate": 0.9977610814048137
        },
        "data_sent": {
            "count": 860,
            "rate": 85.80745300081398
        },
        "iterations": {
            "rate": 0.9977610814048137,
            "count": 10
        },
        "http_req_waiting": {
            "avg": 0.9774232999999999,
            "min": 0.822341,
            "med": 0.9668920000000001,
            "max": 1.135897,
            "p(90)": 1.1248296999999998,
            "p(95)": 1.1303633499999999
        },
        "http_req_tls_handshaking": {
            "max": 0,
            "p(90)": 0,
            "p(95)": 0,
            "avg": 0,
            "min": 0,
            "med": 0
        },
        "vus_max": {
            "value": 1,
            "min": 1,
            "max": 1
        },
        "vus": {
            "value": 1,
            "min": 1,
            "max": 1
        },
        "http_req_duration": {
            "min": 0.969371,
            "med": 1.1215959999999998,
            "max": 1.29466,
            "p(90)": 1.2931309,
            "p(95)": 1.29389545,
            "avg": 1.1367473000000001,
            "thresholds": {
                "p(95)<800": false
            }
        },
        "http_req_receiving": {
            "avg": 0.10114240000000001,
            "min": 0.077418,
            "med": 0.09950600000000001,
            "max": 0.13129,
            "p(90)": 0.11131719999999999,
            "p(95)": 0.12130359999999997
        },
        "http_req_failed": {
            "passes": 0,
            "fails": 10,
            "thresholds": {
                "rate<0.01": false
            },
            "value": 0
        },
        "data_received": {
            "count": 2270,
            "rate": 226.4917654788927
        },
        "http_req_blocked": {
            "avg": 0.39475249999999995,
            "min": 0.217504,
            "med": 0.2592605,
            "max": 1.607586,
            "p(90)": 0.45036779999999954,
            "p(95)": 1.0289768999999986
        },
        "http_req_sending": {
            "avg": 0.0581816,
            "min": 0.034386,
            "med": 0.053279,
            "max": 0.078053,
            "p(90)": 0.0778046,
            "p(95)": 0.07792879999999999
        },
        "checks": {
            "fails": 0,
            "passes": 20,
            "value": 1
        }
    },
    "root_group": {
        "name": "",
        "path": "",
        "id": "d41d8cd98f00b204e9800998ecf8427e",
        "groups": {},
        "checks": {
                "status is 200": {
                    "fails": 0,
                    "name": "status is 200",
                    "path": "::status is 200",
                    "id": "6210a8cd14cd70477eba5c5e4cb3fb5f",
                    "passes": 10
                },
                "contains ok": {
                    "name": "contains ok",
                    "path": "::contains ok",
                    "id": "d7002c7800c2185808b82c9e46783a06",
                    "passes": 10,
                    "fails": 0
                }
            }
    }
}